{
  "episodes": 200,
  "difficulty": "easy",
  "avg_reward_first_third": 0.4273,
  "avg_reward_last_third": 0.4387,
  "avg_lie_rate_first_third": 0.1953,
  "avg_lie_rate_last_third": 0.1936,
  "avg_trust_dispersion_first_third": 0.0963,
  "avg_trust_dispersion_last_third": 0.0697,
  "policy_backend": "unsloth",
  "entity_mode": "independent_unsloth_per_agent",
  "unsloth_model": "unsloth/Qwen2.5-0.5B-Instruct",
  "unsloth_per_agent_models": [
    "Qwen/Qwen2.5-0.5B-Instruct",
    "google/gemma-3-270m-it",
    "Qwen/Qwen2.5-0.5B-Instruct",
    "Qwen/Qwen2.5-0.5B-Instruct"
  ],
  "hf_model": null,
  "hf_per_agent_models": null,
  "entropy_coef": 0.02,
  "final_policy_logits": {
    "0": {
      "truth": -2.44158311197808,
      "twist": -0.7444250119994281,
      "lie": -0.9335544412369303,
      "vote_strategy": {
        "lowest_trust": -1.4026380598900252,
        "highest_threat": -1.3531552110961873,
        "random": -1.363769294228222
      }
    },
    "1": {
      "truth": -1.566802128203687,
      "twist": -1.1382866528445423,
      "lie": -0.6536587841662074,
      "vote_strategy": {
        "lowest_trust": -1.177958836952538,
        "highest_threat": -1.049223437116719,
        "random": -1.1315652911451797
      }
    },
    "2": {
      "truth": 1.5612581669201404,
      "twist": 0.52661454574282,
      "lie": 0.4504197221226033,
      "vote_strategy": {
        "lowest_trust": 0.8917170539693312,
        "highest_threat": 1.0890198205785246,
        "random": 0.5575555602377072
      }
    },
    "3": {
      "truth": 3.14826485916254,
      "twist": 1.3208875711457597,
      "lie": 1.022940004477265,
      "vote_strategy": {
        "lowest_trust": 2.599835765731621,
        "highest_threat": 1.2903816778398443,
        "random": 1.6018749912140988
      }
    }
  }
}